{
    "id": 3736302780416,
    "userid": 1000,
    "urgency": 16,
    "priority": 16,
    "t_submit": 1701367101.8315592,
    "t_depend": 1701367101.8315592,
    "t_run": 1701367233.1213143,
    "t_cleanup": 1701367398.2828717,
    "t_inactive": 1701367398.284507,
    "state": "INACTIVE",
    "name": "lmp",
    "ntasks": 512,
    "duration": 0.0,
    "nnodes": 8,
    "ranks": "[0-7]",
    "nodelist": "flux-sample-[0-7]",
    "success": true,
    "exception_occurred": false,
    "result": "COMPLETED",
    "expiration": 4854967232.0,
    "waitstatus": 0,
    "returncode": 0,
    "runtime": 165.16155743598938,
    "exception": {
        "occurred": false,
        "severity": "",
        "type": "",
        "note": ""
    }
}