{
    "id": 3764337508352,
    "userid": 1000,
    "urgency": 16,
    "priority": 16,
    "t_submit": 1701367103.5047557,
    "t_depend": 1701367103.5047557,
    "t_run": 1701368262.997397,
    "t_cleanup": 1701368368.4731588,
    "t_inactive": 1701368368.4746637,
    "state": "INACTIVE",
    "name": "lmp",
    "ntasks": 512,
    "duration": 0.0,
    "nnodes": 8,
    "ranks": "[0-7]",
    "nodelist": "flux-sample-[0-7]",
    "success": true,
    "exception_occurred": false,
    "result": "COMPLETED",
    "expiration": 4854968262.0,
    "waitstatus": 0,
    "returncode": 0,
    "runtime": 105.47576189041138,
    "exception": {
        "occurred": false,
        "severity": "",
        "type": "",
        "note": ""
    }
}