{
    "id": 3822940323840,
    "userid": 1000,
    "urgency": 16,
    "priority": 16,
    "t_submit": 1701367106.9959016,
    "t_depend": 1701367106.9959016,
    "t_run": 1701369329.4744473,
    "t_cleanup": 1701369421.3500264,
    "t_inactive": 1701369421.351552,
    "state": "INACTIVE",
    "name": "lmp",
    "ntasks": 512,
    "duration": 0.0,
    "nnodes": 8,
    "ranks": "[0-7]",
    "nodelist": "flux-sample-[0-7]",
    "success": true,
    "exception_occurred": false,
    "result": "COMPLETED",
    "expiration": 4854969329.0,
    "waitstatus": 0,
    "returncode": 0,
    "runtime": 91.87557911872864,
    "exception": {
        "occurred": false,
        "severity": "",
        "type": "",
        "note": ""
    }
}