{
    "id": 3805542350848,
    "userid": 1000,
    "urgency": 16,
    "priority": 16,
    "t_submit": 1701367105.9589152,
    "t_depend": 1701367105.9589152,
    "t_run": 1701369034.2509599,
    "t_cleanup": 1701369153.7696562,
    "t_inactive": 1701369153.771252,
    "state": "INACTIVE",
    "name": "lmp",
    "ntasks": 512,
    "duration": 0.0,
    "nnodes": 8,
    "ranks": "[0-7]",
    "nodelist": "flux-sample-[0-7]",
    "success": true,
    "exception_occurred": false,
    "result": "COMPLETED",
    "expiration": 4854969034.0,
    "waitstatus": 0,
    "returncode": 0,
    "runtime": 119.51869630813599,
    "exception": {
        "occurred": false,
        "severity": "",
        "type": "",
        "note": ""
    }
}