{
    "id": 1864452014080,
    "userid": 1000,
    "urgency": 16,
    "priority": 16,
    "t_submit": 1697222373.7834187,
    "t_depend": 1697222373.7834187,
    "t_run": 1697222484.2608726,
    "t_cleanup": 1697222594.8658686,
    "t_inactive": 1697222594.9732401,
    "state": "INACTIVE",
    "name": "lmp",
    "ntasks": 512,
    "duration": 0.0,
    "nnodes": 8,
    "ranks": "[16-23]",
    "nodelist": "flux-sample-[16-23]",
    "success": true,
    "exception_occurred": false,
    "result": "COMPLETED",
    "expiration": 4850822484.0,
    "waitstatus": 0,
    "returncode": 0,
    "runtime": 110.60499596595764,
    "exception": {
        "occurred": false,
        "severity": "",
        "type": "",
        "note": ""
    }
}