{
    "id": 1851332231168,
    "userid": 1000,
    "urgency": 16,
    "priority": 16,
    "t_submit": 1697222372.999608,
    "t_depend": 1697222372.999608,
    "t_run": 1697222373.0340173,
    "t_cleanup": 1697222483.863403,
    "t_inactive": 1697222484.0774956,
    "state": "INACTIVE",
    "name": "lmp",
    "ntasks": 512,
    "duration": 0.0,
    "nnodes": 8,
    "ranks": "[16-23]",
    "nodelist": "flux-sample-[16-23]",
    "success": true,
    "exception_occurred": false,
    "result": "COMPLETED",
    "expiration": 4850822373.0,
    "waitstatus": 0,
    "returncode": 0,
    "runtime": 110.82938575744629,
    "exception": {
        "occurred": false,
        "severity": "",
        "type": "",
        "note": ""
    }
}