{
    "id": 1925487525888,
    "userid": 1000,
    "urgency": 16,
    "priority": 16,
    "t_submit": 1697222377.4210896,
    "t_depend": 1697222377.4210896,
    "t_run": 1697222818.4128802,
    "t_cleanup": 1697222928.8738787,
    "t_inactive": 1697222928.8754942,
    "state": "INACTIVE",
    "name": "lmp",
    "ntasks": 512,
    "duration": 0.0,
    "nnodes": 8,
    "ranks": "[0-7]",
    "nodelist": "flux-sample-[0-7]",
    "success": true,
    "exception_occurred": false,
    "result": "COMPLETED",
    "expiration": 4850822818.0,
    "waitstatus": 0,
    "returncode": 0,
    "runtime": 110.46099853515625,
    "exception": {
        "occurred": false,
        "severity": "",
        "type": "",
        "note": ""
    }
}