{
    "id": 1868780535808,
    "userid": 1000,
    "urgency": 16,
    "priority": 16,
    "t_submit": 1697222374.0408847,
    "t_depend": 1697222374.0408847,
    "t_run": 1697222485.710857,
    "t_cleanup": 1697222596.6675231,
    "t_inactive": 1697222596.6693149,
    "state": "INACTIVE",
    "name": "lmp",
    "ntasks": 512,
    "duration": 0.0,
    "nnodes": 8,
    "ranks": "[0-7]",
    "nodelist": "flux-sample-[0-7]",
    "success": true,
    "exception_occurred": false,
    "result": "COMPLETED",
    "expiration": 4850822485.0,
    "waitstatus": 0,
    "returncode": 0,
    "runtime": 110.9566662311554,
    "exception": {
        "occurred": false,
        "severity": "",
        "type": "",
        "note": ""
    }
}