{
    "id": 30004993851392,
    "userid": 1000,
    "urgency": 16,
    "priority": 16,
    "t_submit": 1694548249.8257403,
    "t_depend": 1694548249.8257403,
    "t_run": 1694548249.8484533,
    "t_cleanup": 1694548577.0516465,
    "t_inactive": 1694548577.0548127,
    "state": "INACTIVE",
    "name": "lmp",
    "ntasks": 144,
    "duration": 0.0,
    "nnodes": 8,
    "ranks": "[0-7]",
    "nodelist": "flux-sample-[0-7]",
    "success": true,
    "exception_occurred": false,
    "result": "COMPLETED",
    "expiration": 4848148249.0,
    "waitstatus": 0,
    "returncode": 0,
    "runtime": 327.2031931877136,
    "exception": {
        "occurred": false,
        "severity": "",
        "type": "",
        "note": ""
    }
}