{
    "id": 30073696550912,
    "userid": 1000,
    "urgency": 16,
    "priority": 16,
    "t_submit": 1694548253.92047,
    "t_depend": 1694548253.92047,
    "t_run": 1694552985.9935179,
    "t_cleanup": 1694553309.6213057,
    "t_inactive": 1694553309.6232798,
    "state": "INACTIVE",
    "name": "lmp",
    "ntasks": 144,
    "duration": 0.0,
    "nnodes": 8,
    "ranks": "[0-7]",
    "nodelist": "flux-sample-[0-7]",
    "success": true,
    "exception_occurred": false,
    "result": "COMPLETED",
    "expiration": 4848152985.0,
    "waitstatus": 0,
    "returncode": 0,
    "runtime": 323.62778782844543,
    "exception": {
        "occurred": false,
        "severity": "",
        "type": "",
        "note": ""
    }
}