{
    "id": 30058899046400,
    "userid": 1000,
    "urgency": 16,
    "priority": 16,
    "t_submit": 1694548253.0384555,
    "t_depend": 1694548253.0384555,
    "t_run": 1694552029.190379,
    "t_cleanup": 1694552329.8240652,
    "t_inactive": 1694552329.8262823,
    "state": "INACTIVE",
    "name": "lmp",
    "ntasks": 144,
    "duration": 0.0,
    "nnodes": 8,
    "ranks": "[0-7]",
    "nodelist": "flux-sample-[0-7]",
    "success": true,
    "exception_occurred": false,
    "result": "COMPLETED",
    "expiration": 4848152029.0,
    "waitstatus": 0,
    "returncode": 0,
    "runtime": 300.6336863040924,
    "exception": {
        "occurred": false,
        "severity": "",
        "type": "",
        "note": ""
    }
}