{
    "id": 30025663381504,
    "userid": 1000,
    "urgency": 16,
    "priority": 16,
    "t_submit": 1694548251.0573108,
    "t_depend": 1694548251.0573108,
    "t_run": 1694549828.8840384,
    "t_cleanup": 1694550155.8779218,
    "t_inactive": 1694550155.8800955,
    "state": "INACTIVE",
    "name": "lmp",
    "ntasks": 144,
    "duration": 0.0,
    "nnodes": 8,
    "ranks": "[0-7]",
    "nodelist": "flux-sample-[0-7]",
    "success": true,
    "exception_occurred": false,
    "result": "COMPLETED",
    "expiration": 4848149828.0,
    "waitstatus": 0,
    "returncode": 0,
    "runtime": 326.99388337135315,
    "exception": {
        "occurred": false,
        "severity": "",
        "type": "",
        "note": ""
    }
}