{
    "id": 30021418745856,
    "userid": 1000,
    "urgency": 16,
    "priority": 16,
    "t_submit": 1694548250.804387,
    "t_depend": 1694548250.804387,
    "t_run": 1694549527.2550123,
    "t_cleanup": 1694549828.8018239,
    "t_inactive": 1694549828.8039303,
    "state": "INACTIVE",
    "name": "lmp",
    "ntasks": 144,
    "duration": 0.0,
    "nnodes": 8,
    "ranks": "[0-7]",
    "nodelist": "flux-sample-[0-7]",
    "success": true,
    "exception_occurred": false,
    "result": "COMPLETED",
    "expiration": 4848149527.0,
    "waitstatus": 0,
    "returncode": 0,
    "runtime": 301.54681158065796,
    "exception": {
        "occurred": false,
        "severity": "",
        "type": "",
        "note": ""
    }
}