{
    "id": 30048966934528,
    "userid": 1000,
    "urgency": 16,
    "priority": 16,
    "t_submit": 1694548252.4464934,
    "t_depend": 1694548252.4464934,
    "t_run": 1694551393.4268692,
    "t_cleanup": 1694551720.786188,
    "t_inactive": 1694551720.788256,
    "state": "INACTIVE",
    "name": "lmp",
    "ntasks": 144,
    "duration": 0.0,
    "nnodes": 8,
    "ranks": "[0-7]",
    "nodelist": "flux-sample-[0-7]",
    "success": true,
    "exception_occurred": false,
    "result": "COMPLETED",
    "expiration": 4848151393.0,
    "waitstatus": 0,
    "returncode": 0,
    "runtime": 327.35931873321533,
    "exception": {
        "occurred": false,
        "severity": "",
        "type": "",
        "note": ""
    }
}