{
    "id": 30030008680448,
    "userid": 1000,
    "urgency": 16,
    "priority": 16,
    "t_submit": 1694548251.3166225,
    "t_depend": 1694548251.3166225,
    "t_run": 1694550155.9560552,
    "t_cleanup": 1694550476.9764132,
    "t_inactive": 1694550476.978413,
    "state": "INACTIVE",
    "name": "lmp",
    "ntasks": 144,
    "duration": 0.0,
    "nnodes": 8,
    "ranks": "[0-7]",
    "nodelist": "flux-sample-[0-7]",
    "success": true,
    "exception_occurred": false,
    "result": "COMPLETED",
    "expiration": 4848150155.0,
    "waitstatus": 0,
    "returncode": 0,
    "runtime": 321.0203580856323,
    "exception": {
        "occurred": false,
        "severity": "",
        "type": "",
        "note": ""
    }
}