{
    "id": 30008298962944,
    "userid": 1000,
    "urgency": 16,
    "priority": 16,
    "t_submit": 1694548250.0210397,
    "t_depend": 1694548250.0210397,
    "t_run": 1694548577.1506255,
    "t_cleanup": 1694548891.9037824,
    "t_inactive": 1694548891.905709,
    "state": "INACTIVE",
    "name": "lmp",
    "ntasks": 144,
    "duration": 0.0,
    "nnodes": 8,
    "ranks": "[0-7]",
    "nodelist": "flux-sample-[0-7]",
    "success": true,
    "exception_occurred": false,
    "result": "COMPLETED",
    "expiration": 4848148577.0,
    "waitstatus": 0,
    "returncode": 0,
    "runtime": 314.7531569004059,
    "exception": {
        "occurred": false,
        "severity": "",
        "type": "",
        "note": ""
    }
}