{
    "id": 30063814770688,
    "userid": 1000,
    "urgency": 16,
    "priority": 16,
    "t_submit": 1694548253.3319898,
    "t_depend": 1694548253.3319898,
    "t_run": 1694552329.8747802,
    "t_cleanup": 1694552656.8780189,
    "t_inactive": 1694552656.8801117,
    "state": "INACTIVE",
    "name": "lmp",
    "ntasks": 144,
    "duration": 0.0,
    "nnodes": 8,
    "ranks": "[0-7]",
    "nodelist": "flux-sample-[0-7]",
    "success": true,
    "exception_occurred": false,
    "result": "COMPLETED",
    "expiration": 4848152329.0,
    "waitstatus": 0,
    "returncode": 0,
    "runtime": 327.0032386779785,
    "exception": {
        "occurred": false,
        "severity": "",
        "type": "",
        "note": ""
    }
}