{
    "id": 30012275163136,
    "userid": 1000,
    "urgency": 16,
    "priority": 16,
    "t_submit": 1694548250.2587454,
    "t_depend": 1694548250.2587454,
    "t_run": 1694548891.9986763,
    "t_cleanup": 1694549197.1211834,
    "t_inactive": 1694549197.1232357,
    "state": "INACTIVE",
    "name": "lmp",
    "ntasks": 144,
    "duration": 0.0,
    "nnodes": 8,
    "ranks": "[0-7]",
    "nodelist": "flux-sample-[0-7]",
    "success": true,
    "exception_occurred": false,
    "result": "COMPLETED",
    "expiration": 4848148891.0,
    "waitstatus": 0,
    "returncode": 0,
    "runtime": 305.1225070953369,
    "exception": {
        "occurred": false,
        "severity": "",
        "type": "",
        "note": ""
    }
}