{
    "id": 30093560774656,
    "userid": 1000,
    "urgency": 16,
    "priority": 16,
    "t_submit": 1694548255.1067748,
    "t_depend": 1694548255.1067748,
    "t_run": 1694554266.085675,
    "t_cleanup": 1694554592.1129224,
    "t_inactive": 1694554592.1149218,
    "state": "INACTIVE",
    "name": "lmp",
    "ntasks": 144,
    "duration": 0.0,
    "nnodes": 8,
    "ranks": "[0-7]",
    "nodelist": "flux-sample-[0-7]",
    "success": true,
    "exception_occurred": false,
    "result": "COMPLETED",
    "expiration": 4848154266.0,
    "waitstatus": 0,
    "returncode": 0,
    "runtime": 326.02724742889404,
    "exception": {
        "occurred": false,
        "severity": "",
        "type": "",
        "note": ""
    }
}