{
    "id": 30035125731328,
    "userid": 1000,
    "urgency": 16,
    "priority": 16,
    "t_submit": 1694548251.6220696,
    "t_depend": 1694548251.6220696,
    "t_run": 1694550477.0506155,
    "t_cleanup": 1694550777.6803093,
    "t_inactive": 1694550777.682489,
    "state": "INACTIVE",
    "name": "lmp",
    "ntasks": 144,
    "duration": 0.0,
    "nnodes": 8,
    "ranks": "[0-7]",
    "nodelist": "flux-sample-[0-7]",
    "success": true,
    "exception_occurred": false,
    "result": "COMPLETED",
    "expiration": 4848150476.0,
    "waitstatus": 0,
    "returncode": 0,
    "runtime": 300.6296937465668,
    "exception": {
        "occurred": false,
        "severity": "",
        "type": "",
        "note": ""
    }
}