{
    "id": 30054000099328,
    "userid": 1000,
    "urgency": 16,
    "priority": 16,
    "t_submit": 1694548252.7469501,
    "t_depend": 1694548252.7469501,
    "t_run": 1694551720.844422,
    "t_cleanup": 1694552029.134912,
    "t_inactive": 1694552029.137196,
    "state": "INACTIVE",
    "name": "lmp",
    "ntasks": 144,
    "duration": 0.0,
    "nnodes": 8,
    "ranks": "[0-7]",
    "nodelist": "flux-sample-[0-7]",
    "success": true,
    "exception_occurred": false,
    "result": "COMPLETED",
    "expiration": 4848151720.0,
    "waitstatus": 0,
    "returncode": 0,
    "runtime": 308.2904899120331,
    "exception": {
        "occurred": false,
        "severity": "",
        "type": "",
        "note": ""
    }
}