{
    "id": 30088544387072,
    "userid": 1000,
    "urgency": 16,
    "priority": 16,
    "t_submit": 1694548254.8056133,
    "t_depend": 1694548254.8056133,
    "t_run": 1694553963.9511144,
    "t_cleanup": 1694554266.06554,
    "t_inactive": 1694554266.0674553,
    "state": "INACTIVE",
    "name": "lmp",
    "ntasks": 144,
    "duration": 0.0,
    "nnodes": 8,
    "ranks": "[0-7]",
    "nodelist": "flux-sample-[0-7]",
    "success": true,
    "exception_occurred": false,
    "result": "COMPLETED",
    "expiration": 4848153963.0,
    "waitstatus": 0,
    "returncode": 0,
    "runtime": 302.1144256591797,
    "exception": {
        "occurred": false,
        "severity": "",
        "type": "",
        "note": ""
    }
}