{
    "id": 30068696940544,
    "userid": 1000,
    "urgency": 16,
    "priority": 16,
    "t_submit": 1694548253.6226826,
    "t_depend": 1694548253.6226826,
    "t_run": 1694552656.9241178,
    "t_cleanup": 1694552985.9512193,
    "t_inactive": 1694552985.9532573,
    "state": "INACTIVE",
    "name": "lmp",
    "ntasks": 144,
    "duration": 0.0,
    "nnodes": 8,
    "ranks": "[0-7]",
    "nodelist": "flux-sample-[0-7]",
    "success": true,
    "exception_occurred": false,
    "result": "COMPLETED",
    "expiration": 4848152656.0,
    "waitstatus": 0,
    "returncode": 0,
    "runtime": 329.02710151672363,
    "exception": {
        "occurred": false,
        "severity": "",
        "type": "",
        "note": ""
    }
}