{
    "id": 30039890460672,
    "userid": 1000,
    "urgency": 16,
    "priority": 16,
    "t_submit": 1694548251.9053898,
    "t_depend": 1694548251.9053898,
    "t_run": 1694550777.7512465,
    "t_cleanup": 1694551091.9346278,
    "t_inactive": 1694551091.9368324,
    "state": "INACTIVE",
    "name": "lmp",
    "ntasks": 144,
    "duration": 0.0,
    "nnodes": 8,
    "ranks": "[0-7]",
    "nodelist": "flux-sample-[0-7]",
    "success": true,
    "exception_occurred": false,
    "result": "COMPLETED",
    "expiration": 4848150777.0,
    "waitstatus": 0,
    "returncode": 0,
    "runtime": 314.183381319046,
    "exception": {
        "occurred": false,
        "severity": "",
        "type": "",
        "note": ""
    }
}