{
    "id": 3811582148608,
    "userid": 1000,
    "urgency": 16,
    "priority": 16,
    "t_submit": 1701367106.3192663,
    "t_depend": 1701367106.3192663,
    "t_run": 1701369153.8407426,
    "t_cleanup": 1701369228.3424494,
    "t_inactive": 1701369228.3440576,
    "state": "INACTIVE",
    "name": "lmp",
    "ntasks": 512,
    "duration": 0.0,
    "nnodes": 8,
    "ranks": "[0-7]",
    "nodelist": "flux-sample-[0-7]",
    "success": true,
    "exception_occurred": false,
    "result": "COMPLETED",
    "expiration": 4854969153.0,
    "waitstatus": 0,
    "returncode": 0,
    "runtime": 74.50170683860779,
    "exception": {
        "occurred": false,
        "severity": "",
        "type": "",
        "note": ""
    }
}