{
    "id": 3788211486720,
    "userid": 1000,
    "urgency": 16,
    "priority": 16,
    "t_submit": 1701367104.9262145,
    "t_depend": 1701367104.9262145,
    "t_run": 1701368693.0119872,
    "t_cleanup": 1701368793.8765914,
    "t_inactive": 1701368793.8781025,
    "state": "INACTIVE",
    "name": "lmp",
    "ntasks": 512,
    "duration": 0.0,
    "nnodes": 8,
    "ranks": "[0-7]",
    "nodelist": "flux-sample-[0-7]",
    "success": true,
    "exception_occurred": false,
    "result": "COMPLETED",
    "expiration": 4854968692.0,
    "waitstatus": 0,
    "returncode": 0,
    "runtime": 100.86460423469543,
    "exception": {
        "occurred": false,
        "severity": "",
        "type": "",
        "note": ""
    }
}