{
    "id": 3782003916800,
    "userid": 1000,
    "urgency": 16,
    "priority": 16,
    "t_submit": 1701367104.556306,
    "t_depend": 1701367104.556306,
    "t_run": 1701368546.6739447,
    "t_cleanup": 1701368692.9106936,
    "t_inactive": 1701368692.9124324,
    "state": "INACTIVE",
    "name": "lmp",
    "ntasks": 512,
    "duration": 0.0,
    "nnodes": 8,
    "ranks": "[0-7]",
    "nodelist": "flux-sample-[0-7]",
    "success": true,
    "exception_occurred": false,
    "result": "COMPLETED",
    "expiration": 4854968546.0,
    "waitstatus": 0,
    "returncode": 0,
    "runtime": 146.23674893379211,
    "exception": {
        "occurred": false,
        "severity": "",
        "type": "",
        "note": ""
    }
}