{
    "id": 3755378475008,
    "userid": 1000,
    "urgency": 16,
    "priority": 16,
    "t_submit": 1701367102.9691405,
    "t_depend": 1701367102.9691405,
    "t_run": 1701368007.4179814,
    "t_cleanup": 1701368116.8371804,
    "t_inactive": 1701368116.8388007,
    "state": "INACTIVE",
    "name": "lmp",
    "ntasks": 512,
    "duration": 0.0,
    "nnodes": 8,
    "ranks": "[0-7]",
    "nodelist": "flux-sample-[0-7]",
    "success": true,
    "exception_occurred": false,
    "result": "COMPLETED",
    "expiration": 4854968007.0,
    "waitstatus": 0,
    "returncode": 0,
    "runtime": 109.41919898986816,
    "exception": {
        "occurred": false,
        "severity": "",
        "type": "",
        "note": ""
    }
}