{
    "id": 3738936803328,
    "userid": 1000,
    "urgency": 16,
    "priority": 16,
    "t_submit": 1701367101.9890711,
    "t_depend": 1701367101.9890711,
    "t_run": 1701367398.4674227,
    "t_cleanup": 1701367558.8283463,
    "t_inactive": 1701367558.8298876,
    "state": "INACTIVE",
    "name": "lmp",
    "ntasks": 512,
    "duration": 0.0,
    "nnodes": 8,
    "ranks": "[0-7]",
    "nodelist": "flux-sample-[0-7]",
    "success": true,
    "exception_occurred": false,
    "result": "COMPLETED",
    "expiration": 4854967398.0,
    "waitstatus": 0,
    "returncode": 0,
    "runtime": 160.36092352867126,
    "exception": {
        "occurred": false,
        "severity": "",
        "type": "",
        "note": ""
    }
}