{
    "id": 3760730406912,
    "userid": 1000,
    "urgency": 16,
    "priority": 16,
    "t_submit": 1701367103.28821,
    "t_depend": 1701367103.28821,
    "t_run": 1701368116.9759958,
    "t_cleanup": 1701368262.8659923,
    "t_inactive": 1701368262.8675258,
    "state": "INACTIVE",
    "name": "lmp",
    "ntasks": 512,
    "duration": 0.0,
    "nnodes": 8,
    "ranks": "[0-7]",
    "nodelist": "flux-sample-[0-7]",
    "success": true,
    "exception_occurred": false,
    "result": "COMPLETED",
    "expiration": 4854968116.0,
    "waitstatus": 0,
    "returncode": 0,
    "runtime": 145.8899965286255,
    "exception": {
        "occurred": false,
        "severity": "",
        "type": "",
        "note": ""
    }
}