{
    "id": 3794385502208,
    "userid": 1000,
    "urgency": 16,
    "priority": 16,
    "t_submit": 1701367105.2943408,
    "t_depend": 1701367105.2943408,
    "t_run": 1701368793.9701195,
    "t_cleanup": 1701368950.4403346,
    "t_inactive": 1701368950.4419587,
    "state": "INACTIVE",
    "name": "lmp",
    "ntasks": 512,
    "duration": 0.0,
    "nnodes": 8,
    "ranks": "[0-7]",
    "nodelist": "flux-sample-[0-7]",
    "success": true,
    "exception_occurred": false,
    "result": "COMPLETED",
    "expiration": 4854968793.0,
    "waitstatus": 0,
    "returncode": 0,
    "runtime": 156.47021508216858,
    "exception": {
        "occurred": false,
        "severity": "",
        "type": "",
        "note": ""
    }
}