{
    "id": 5821677174784,
    "userid": 1000,
    "urgency": 16,
    "priority": 16,
    "t_submit": 1697141474.5537448,
    "t_depend": 1697141474.5537448,
    "t_run": 1697141692.6294978,
    "t_cleanup": 1697141803.7060223,
    "t_inactive": 1697141803.707583,
    "state": "INACTIVE",
    "name": "lmp",
    "ntasks": 512,
    "duration": 0.0,
    "nnodes": 8,
    "ranks": "[24-31]",
    "nodelist": "flux-sample-[24-31]",
    "success": true,
    "exception_occurred": false,
    "result": "COMPLETED",
    "expiration": 4850741692.0,
    "waitstatus": 0,
    "returncode": 0,
    "runtime": 111.07652449607849,
    "exception": {
        "occurred": false,
        "severity": "",
        "type": "",
        "note": ""
    }
}