{
    "id": 5759316262912,
    "userid": 1000,
    "urgency": 16,
    "priority": 16,
    "t_submit": 1697141470.8367474,
    "t_depend": 1697141470.8367474,
    "t_run": 1697141470.8705196,
    "t_cleanup": 1697141581.6874716,
    "t_inactive": 1697141581.6895916,
    "state": "INACTIVE",
    "name": "lmp",
    "ntasks": 512,
    "duration": 0.0,
    "nnodes": 8,
    "ranks": "[24-31]",
    "nodelist": "flux-sample-[24-31]",
    "success": true,
    "exception_occurred": false,
    "result": "COMPLETED",
    "expiration": 4850741470.0,
    "waitstatus": 0,
    "returncode": 0,
    "runtime": 110.81695199012756,
    "exception": {
        "occurred": false,
        "severity": "",
        "type": "",
        "note": ""
    }
}