{
    "id": 5794296758272,
    "userid": 1000,
    "urgency": 16,
    "priority": 16,
    "t_submit": 1697141472.9217572,
    "t_depend": 1697141472.9217572,
    "t_run": 1697141583.0706522,
    "t_cleanup": 1697141693.9658604,
    "t_inactive": 1697141693.9678707,
    "state": "INACTIVE",
    "name": "lmp",
    "ntasks": 512,
    "duration": 0.0,
    "nnodes": 8,
    "ranks": "[0-7]",
    "nodelist": "flux-sample-[0-7]",
    "success": true,
    "exception_occurred": false,
    "result": "COMPLETED",
    "expiration": 4850741582.0,
    "waitstatus": 0,
    "returncode": 0,
    "runtime": 110.89520812034607,
    "exception": {
        "occurred": false,
        "severity": "",
        "type": "",
        "note": ""
    }
}