{
    "id": 5772419268608,
    "userid": 1000,
    "urgency": 16,
    "priority": 16,
    "t_submit": 1697141471.6186059,
    "t_depend": 1697141471.6186059,
    "t_run": 1697141578.132868,
    "t_cleanup": 1697141685.2919414,
    "t_inactive": 1697141685.295395,
    "state": "INACTIVE",
    "name": "lmp",
    "ntasks": 512,
    "duration": 0.0,
    "nnodes": 8,
    "ranks": "[48-55]",
    "nodelist": "flux-sample-[48-55]",
    "success": true,
    "exception_occurred": false,
    "result": "COMPLETED",
    "expiration": 4850741577.0,
    "waitstatus": 0,
    "returncode": 0,
    "runtime": 107.15907335281372,
    "exception": {
        "occurred": false,
        "severity": "",
        "type": "",
        "note": ""
    }
}