{
    "id": 5810755207168,
    "userid": 1000,
    "urgency": 16,
    "priority": 16,
    "t_submit": 1697141473.903328,
    "t_depend": 1697141473.903328,
    "t_run": 1697141691.6484468,
    "t_cleanup": 1697141801.7263026,
    "t_inactive": 1697141801.7280362,
    "state": "INACTIVE",
    "name": "lmp",
    "ntasks": 512,
    "duration": 0.0,
    "nnodes": 8,
    "ranks": "[56-63]",
    "nodelist": "flux-sample-[56-63]",
    "success": true,
    "exception_occurred": false,
    "result": "COMPLETED",
    "expiration": 4850741691.0,
    "waitstatus": 0,
    "returncode": 0,
    "runtime": 110.0778558254242,
    "exception": {
        "occurred": false,
        "severity": "",
        "type": "",
        "note": ""
    }
}