{
    "id": 5751732961280,
    "userid": 1000,
    "urgency": 16,
    "priority": 16,
    "t_submit": 1697141470.3849425,
    "t_depend": 1697141470.3849425,
    "t_run": 1697141470.4195168,
    "t_cleanup": 1697141577.7215912,
    "t_inactive": 1697141577.7257032,
    "state": "INACTIVE",
    "name": "lmp",
    "ntasks": 512,
    "duration": 0.0,
    "nnodes": 8,
    "ranks": "[48-55]",
    "nodelist": "flux-sample-[48-55]",
    "success": true,
    "exception_occurred": false,
    "result": "COMPLETED",
    "expiration": 4850741470.0,
    "waitstatus": 0,
    "returncode": 0,
    "runtime": 107.30207443237305,
    "exception": {
        "occurred": false,
        "severity": "",
        "type": "",
        "note": ""
    }
}