{
    "id": 5789464920064,
    "userid": 1000,
    "urgency": 16,
    "priority": 16,
    "t_submit": 1697141472.6352,
    "t_depend": 1697141472.6352,
    "t_run": 1697141582.8318245,
    "t_cleanup": 1697141694.5131412,
    "t_inactive": 1697141694.5149972,
    "state": "INACTIVE",
    "name": "lmp",
    "ntasks": 512,
    "duration": 0.0,
    "nnodes": 8,
    "ranks": "[32-39]",
    "nodelist": "flux-sample-[32-39]",
    "success": true,
    "exception_occurred": false,
    "result": "COMPLETED",
    "expiration": 4850741582.0,
    "waitstatus": 0,
    "returncode": 0,
    "runtime": 111.681316614151,
    "exception": {
        "occurred": false,
        "severity": "",
        "type": "",
        "note": ""
    }
}