{
    "id": 1874736447488,
    "userid": 1000,
    "urgency": 16,
    "priority": 16,
    "t_submit": 1697222374.3954334,
    "t_depend": 1697222374.3954334,
    "t_run": 1697222595.307488,
    "t_cleanup": 1697222705.8635018,
    "t_inactive": 1697222705.8992257,
    "state": "INACTIVE",
    "name": "lmp",
    "ntasks": 512,
    "duration": 0.0,
    "nnodes": 8,
    "ranks": "[16-23]",
    "nodelist": "flux-sample-[16-23]",
    "success": true,
    "exception_occurred": false,
    "result": "COMPLETED",
    "expiration": 4850822595.0,
    "waitstatus": 0,
    "returncode": 0,
    "runtime": 110.55601382255554,
    "exception": {
        "occurred": false,
        "severity": "",
        "type": "",
        "note": ""
    }
}