{
    "id": 1898308435968,
    "userid": 1000,
    "urgency": 16,
    "priority": 16,
    "t_submit": 1697222375.8008778,
    "t_depend": 1697222375.8008778,
    "t_run": 1697222706.1619139,
    "t_cleanup": 1697222816.9829185,
    "t_inactive": 1697222816.9846766,
    "state": "INACTIVE",
    "name": "lmp",
    "ntasks": 512,
    "duration": 0.0,
    "nnodes": 8,
    "ranks": "[24-31]",
    "nodelist": "flux-sample-[24-31]",
    "success": true,
    "exception_occurred": false,
    "result": "COMPLETED",
    "expiration": 4850822706.0,
    "waitstatus": 0,
    "returncode": 0,
    "runtime": 110.82100462913513,
    "exception": {
        "occurred": false,
        "severity": "",
        "type": "",
        "note": ""
    }
}