{
    "id": 1914750107648,
    "userid": 1000,
    "urgency": 16,
    "priority": 16,
    "t_submit": 1697222376.7890632,
    "t_depend": 1697222376.7890632,
    "t_run": 1697222816.7945988,
    "t_cleanup": 1697222927.1988301,
    "t_inactive": 1697222927.2014658,
    "state": "INACTIVE",
    "name": "lmp",
    "ntasks": 512,
    "duration": 0.0,
    "nnodes": 8,
    "ranks": "[16-23]",
    "nodelist": "flux-sample-[16-23]",
    "success": true,
    "exception_occurred": false,
    "result": "COMPLETED",
    "expiration": 4850822816.0,
    "waitstatus": 0,
    "returncode": 0,
    "runtime": 110.40423130989075,
    "exception": {
        "occurred": false,
        "severity": "",
        "type": "",
        "note": ""
    }
}