{
    "id": 1848782094336,
    "userid": 1000,
    "urgency": 16,
    "priority": 16,
    "t_submit": 1697222372.8479352,
    "t_depend": 1697222372.8479352,
    "t_run": 1697222372.884888,
    "t_cleanup": 1697222483.8264666,
    "t_inactive": 1697222483.8638144,
    "state": "INACTIVE",
    "name": "lmp",
    "ntasks": 512,
    "duration": 0.0,
    "nnodes": 8,
    "ranks": "[24-31]",
    "nodelist": "flux-sample-[24-31]",
    "success": true,
    "exception_occurred": false,
    "result": "COMPLETED",
    "expiration": 4850822372.0,
    "waitstatus": 0,
    "returncode": 0,
    "runtime": 110.94157862663269,
    "exception": {
        "occurred": false,
        "severity": "",
        "type": "",
        "note": ""
    }
}