{
    "id": 1886765711360,
    "userid": 1000,
    "urgency": 16,
    "priority": 16,
    "t_submit": 1697222375.1127977,
    "t_depend": 1697222375.1127977,
    "t_run": 1697222694.0179274,
    "t_cleanup": 1697222800.4998138,
    "t_inactive": 1697222800.5019789,
    "state": "INACTIVE",
    "name": "lmp",
    "ntasks": 512,
    "duration": 0.0,
    "nnodes": 8,
    "ranks": "[8-15]",
    "nodelist": "flux-sample-[8-15]",
    "success": true,
    "exception_occurred": false,
    "result": "COMPLETED",
    "expiration": 4850822693.0,
    "waitstatus": 0,
    "returncode": 0,
    "runtime": 106.48188638687134,
    "exception": {
        "occurred": false,
        "severity": "",
        "type": "",
        "note": ""
    }
}