{
    "id": 1877638905856,
    "userid": 1000,
    "urgency": 16,
    "priority": 16,
    "t_submit": 1697222374.5683486,
    "t_depend": 1697222374.5683486,
    "t_run": 1697222595.3083682,
    "t_cleanup": 1697222705.8971422,
    "t_inactive": 1697222706.053471,
    "state": "INACTIVE",
    "name": "lmp",
    "ntasks": 512,
    "duration": 0.0,
    "nnodes": 8,
    "ranks": "[24-31]",
    "nodelist": "flux-sample-[24-31]",
    "success": true,
    "exception_occurred": false,
    "result": "COMPLETED",
    "expiration": 4850822595.0,
    "waitstatus": 0,
    "returncode": 0,
    "runtime": 110.58877396583557,
    "exception": {
        "occurred": false,
        "severity": "",
        "type": "",
        "note": ""
    }
}