{
    "id": 1856398950400,
    "userid": 1000,
    "urgency": 16,
    "priority": 16,
    "t_submit": 1697222373.3025227,
    "t_depend": 1697222373.3025227,
    "t_run": 1697222373.3373892,
    "t_cleanup": 1697222485.5446374,
    "t_inactive": 1697222485.5462568,
    "state": "INACTIVE",
    "name": "lmp",
    "ntasks": 512,
    "duration": 0.0,
    "nnodes": 8,
    "ranks": "[0-7]",
    "nodelist": "flux-sample-[0-7]",
    "success": true,
    "exception_occurred": false,
    "result": "COMPLETED",
    "expiration": 4850822373.0,
    "waitstatus": 0,
    "returncode": 0,
    "runtime": 112.20724821090698,
    "exception": {
        "occurred": false,
        "severity": "",
        "type": "",
        "note": ""
    }
}