{
    "id": 1909230403584,
    "userid": 1000,
    "urgency": 16,
    "priority": 16,
    "t_submit": 1697222376.4512465,
    "t_depend": 1697222376.4512465,
    "t_run": 1697222800.6887362,
    "t_cleanup": 1697222907.39916,
    "t_inactive": 1697222907.4025397,
    "state": "INACTIVE",
    "name": "lmp",
    "ntasks": 512,
    "duration": 0.0,
    "nnodes": 8,
    "ranks": "[8-15]",
    "nodelist": "flux-sample-[8-15]",
    "success": true,
    "exception_occurred": false,
    "result": "COMPLETED",
    "expiration": 4850822800.0,
    "waitstatus": 0,
    "returncode": 0,
    "runtime": 106.71042370796204,
    "exception": {
        "occurred": false,
        "severity": "",
        "type": "",
        "note": ""
    }
}