{
    "id": 1859032973312,
    "userid": 1000,
    "urgency": 16,
    "priority": 16,
    "t_submit": 1697222373.459215,
    "t_depend": 1697222373.459215,
    "t_run": 1697222480.3284166,
    "t_cleanup": 1697222586.7884564,
    "t_inactive": 1697222586.7906334,
    "state": "INACTIVE",
    "name": "lmp",
    "ntasks": 512,
    "duration": 0.0,
    "nnodes": 8,
    "ranks": "[8-15]",
    "nodelist": "flux-sample-[8-15]",
    "success": true,
    "exception_occurred": false,
    "result": "COMPLETED",
    "expiration": 4850822479.0,
    "waitstatus": 0,
    "returncode": 0,
    "runtime": 106.46003985404968,
    "exception": {
        "occurred": false,
        "severity": "",
        "type": "",
        "note": ""
    }
}