{
    "id": 5805168394240,
    "userid": 1000,
    "urgency": 16,
    "priority": 16,
    "t_submit": 1697141473.5698228,
    "t_depend": 1697141473.5698228,
    "t_run": 1697141685.4715188,
    "t_cleanup": 1697141792.2993376,
    "t_inactive": 1697141792.3013222,
    "state": "INACTIVE",
    "name": "lmp",
    "ntasks": 512,
    "duration": 0.0,
    "nnodes": 8,
    "ranks": "[48-55]",
    "nodelist": "flux-sample-[48-55]",
    "success": true,
    "exception_occurred": false,
    "result": "COMPLETED",
    "expiration": 4850741685.0,
    "waitstatus": 0,
    "returncode": 0,
    "runtime": 106.82781887054443,
    "exception": {
        "occurred": false,
        "severity": "",
        "type": "",
        "note": ""
    }
}