{
    "id": 5782720479232,
    "userid": 1000,
    "urgency": 16,
    "priority": 16,
    "t_submit": 1697141472.2320344,
    "t_depend": 1697141472.2320344,
    "t_run": 1697141581.8205347,
    "t_cleanup": 1697141692.5818188,
    "t_inactive": 1697141692.5841212,
    "state": "INACTIVE",
    "name": "lmp",
    "ntasks": 512,
    "duration": 0.0,
    "nnodes": 8,
    "ranks": "[24-31]",
    "nodelist": "flux-sample-[24-31]",
    "success": true,
    "exception_occurred": false,
    "result": "COMPLETED",
    "expiration": 4850741581.0,
    "waitstatus": 0,
    "returncode": 0,
    "runtime": 110.7612841129303,
    "exception": {
        "occurred": false,
        "severity": "",
        "type": "",
        "note": ""
    }
}