{
    "id": 5766849232896,
    "userid": 1000,
    "urgency": 16,
    "priority": 16,
    "t_submit": 1697141471.285905,
    "t_depend": 1697141471.285905,
    "t_run": 1697141471.320104,
    "t_cleanup": 1697141582.9635036,
    "t_inactive": 1697141582.9656155,
    "state": "INACTIVE",
    "name": "lmp",
    "ntasks": 512,
    "duration": 0.0,
    "nnodes": 8,
    "ranks": "[0-7]",
    "nodelist": "flux-sample-[0-7]",
    "success": true,
    "exception_occurred": false,
    "result": "COMPLETED",
    "expiration": 4850741471.0,
    "waitstatus": 0,
    "returncode": 0,
    "runtime": 111.64339971542358,
    "exception": {
        "occurred": false,
        "severity": "",
        "type": "",
        "note": ""
    }
}