{
    "id": 5756799680512,
    "userid": 1000,
    "urgency": 16,
    "priority": 16,
    "t_submit": 1697141470.6861498,
    "t_depend": 1697141470.6861498,
    "t_run": 1697141470.7198253,
    "t_cleanup": 1697141582.7168958,
    "t_inactive": 1697141582.7189615,
    "state": "INACTIVE",
    "name": "lmp",
    "ntasks": 512,
    "duration": 0.0,
    "nnodes": 8,
    "ranks": "[32-39]",
    "nodelist": "flux-sample-[32-39]",
    "success": true,
    "exception_occurred": false,
    "result": "COMPLETED",
    "expiration": 4850741470.0,
    "waitstatus": 0,
    "returncode": 0,
    "runtime": 111.99707055091858,
    "exception": {
        "occurred": false,
        "severity": "",
        "type": "",
        "note": ""
    }
}