{
    "id": 5776798121984,
    "userid": 1000,
    "urgency": 16,
    "priority": 16,
    "t_submit": 1697141471.8789191,
    "t_depend": 1697141471.8789191,
    "t_run": 1697141581.6502268,
    "t_cleanup": 1697141691.5225687,
    "t_inactive": 1697141691.5253382,
    "state": "INACTIVE",
    "name": "lmp",
    "ntasks": 512,
    "duration": 0.0,
    "nnodes": 8,
    "ranks": "[56-63]",
    "nodelist": "flux-sample-[56-63]",
    "success": true,
    "exception_occurred": false,
    "result": "COMPLETED",
    "expiration": 4850741581.0,
    "waitstatus": 0,
    "returncode": 0,
    "runtime": 109.8723418712616,
    "exception": {
        "occurred": false,
        "severity": "",
        "type": "",
        "note": ""
    }
}