{
    "id": 5761832845312,
    "userid": 1000,
    "urgency": 16,
    "priority": 16,
    "t_submit": 1697141470.9861503,
    "t_depend": 1697141470.9861503,
    "t_run": 1697141471.019931,
    "t_cleanup": 1697141581.3596175,
    "t_inactive": 1697141581.5093365,
    "state": "INACTIVE",
    "name": "lmp",
    "ntasks": 512,
    "duration": 0.0,
    "nnodes": 8,
    "ranks": "[16-23]",
    "nodelist": "flux-sample-[16-23]",
    "success": true,
    "exception_occurred": false,
    "result": "COMPLETED",
    "expiration": 4850741470.0,
    "waitstatus": 0,
    "returncode": 0,
    "runtime": 110.3396863937378,
    "exception": {
        "occurred": false,
        "severity": "",
        "type": "",
        "note": ""
    }
}