{
    "id": 5764332650496,
    "userid": 1000,
    "urgency": 16,
    "priority": 16,
    "t_submit": 1697141471.1356707,
    "t_depend": 1697141471.1356707,
    "t_run": 1697141471.2106452,
    "t_cleanup": 1697141584.559356,
    "t_inactive": 1697141584.5619073,
    "state": "INACTIVE",
    "name": "lmp",
    "ntasks": 512,
    "duration": 0.0,
    "nnodes": 8,
    "ranks": "[8-15]",
    "nodelist": "flux-sample-[8-15]",
    "success": true,
    "exception_occurred": false,
    "result": "COMPLETED",
    "expiration": 4850741471.0,
    "waitstatus": 0,
    "returncode": 0,
    "runtime": 113.34871077537537,
    "exception": {
        "occurred": false,
        "severity": "",
        "type": "",
        "note": ""
    }
}