{
    "id": 5785589383168,
    "userid": 1000,
    "urgency": 16,
    "priority": 16,
    "t_submit": 1697141472.4031763,
    "t_depend": 1697141472.4031763,
    "t_run": 1697141582.010665,
    "t_cleanup": 1697141693.1938624,
    "t_inactive": 1697141693.19596,
    "state": "INACTIVE",
    "name": "lmp",
    "ntasks": 512,
    "duration": 0.0,
    "nnodes": 8,
    "ranks": "[40-47]",
    "nodelist": "flux-sample-[40-47]",
    "success": true,
    "exception_occurred": false,
    "result": "COMPLETED",
    "expiration": 4850741581.0,
    "waitstatus": 0,
    "returncode": 0,
    "runtime": 111.18319749832153,
    "exception": {
        "occurred": false,
        "severity": "",
        "type": "",
        "note": ""
    }
}