{
    "id": 5816140693504,
    "userid": 1000,
    "urgency": 16,
    "priority": 16,
    "t_submit": 1697141474.223875,
    "t_depend": 1697141474.223875,
    "t_run": 1697141692.3407907,
    "t_cleanup": 1697141802.3493354,
    "t_inactive": 1697141802.3509402,
    "state": "INACTIVE",
    "name": "lmp",
    "ntasks": 512,
    "duration": 0.0,
    "nnodes": 8,
    "ranks": "[16-23]",
    "nodelist": "flux-sample-[16-23]",
    "success": true,
    "exception_occurred": false,
    "result": "COMPLETED",
    "expiration": 4850741692.0,
    "waitstatus": 0,
    "returncode": 0,
    "runtime": 110.00854468345642,
    "exception": {
        "occurred": false,
        "severity": "",
        "type": "",
        "note": ""
    }
}