{
    "id": 5769483255808,
    "userid": 1000,
    "urgency": 16,
    "priority": 16,
    "t_submit": 1697141471.4426892,
    "t_depend": 1697141471.4426892,
    "t_run": 1697141471.4785023,
    "t_cleanup": 1697141581.3228385,
    "t_inactive": 1697141581.3253057,
    "state": "INACTIVE",
    "name": "lmp",
    "ntasks": 512,
    "duration": 0.0,
    "nnodes": 8,
    "ranks": "[56-63]",
    "nodelist": "flux-sample-[56-63]",
    "success": true,
    "exception_occurred": false,
    "result": "COMPLETED",
    "expiration": 4850741471.0,
    "waitstatus": 0,
    "returncode": 0,
    "runtime": 109.84433627128601,
    "exception": {
        "occurred": false,
        "severity": "",
        "type": "",
        "note": ""
    }
}